Model,Type,MSE,MAE,MAPE (%)
BP (Our Implementation),Neural Network,0.13611239731320007,0.1924356147654617,91.7999018934781
BP-F (PyTorch),Neural Network,0.11624055710292772,0.1933613528471381,99.25993749070365
MLR-F (Scikit-learn),Linear Regression,0.1558683894255459,0.23590622311137988,136.56055316941087
